"id","name","birthday","email"
1,"Darren Güncellendi İlk 5 sıra. yaşlanmışsın","1983-02-07","dsnalom0@edublogs.org"
3,"Roldan Güncellendi İlk 5 sıra. yaşlanmışsın","1984-06-09","rlamba2@myspace.com"
7,"Cobb işte genç.","2000-01-26","cbroadhead6@apache.org"
9,"George işte genç.","2003-04-28","gsharrocks8@moonfruit.com"
12,"Trula işte genç.","2000-05-03","tosmantb@surveymonkey.com"
11,"Lenee Güncellendi","1993-10-28","lbootesa@ameblo.jp"
13,"Gweneth Güncellendi","1993-10-14","gkinninc@comcast.net"
4,"Lyndell İlk 5 sıra. işte genç.","2004-11-13","lpetticrow3@uol.com.br"
20,"Freeman işte genç.","2002-10-27","fgammelj@blogs.com"
24,"Stillman işte genç.","2003-11-18","sbugdelln@scientificamerican.com"
29,"Harald işte genç.","2003-10-06","hbartlemans@comsenz.com"
40,"Natka işte genç.","2003-03-10","nmcilherran13@prnewswire.com"
5,"Gianni","1995-03-23","gtembridge4@virginia.edu"
8,"Linn","1995-12-17","lupcott7@apache.org"
10,"Gideon","1997-08-17","glapping9@feedburner.com"
31,"Cathrine Güncellendi","1992-05-13","ctrottonu@techcrunch.com"
42,"Katrinka Güncellendi","1992-08-31","kmcdermid15@squarespace.com"
44,"Kynthia Güncellendi","1990-04-12","kkeyme17@blogger.com"
2,"Valeria İlk 5 sıra.","1998-10-24","vtosspell1@clickbank.net"
6,"Damita Güncellendi yaşlanmışsın","1986-12-31","dstothert5@dmoz.org"
14,"Corrina Güncellendi yaşlanmışsın","1987-04-06","ccheeneyd@google.com.au"
17,"Gunar Güncellendi yaşlanmışsın","1985-08-17","glindegardg@jimdo.com"
19,"Tiff Güncellendi yaşlanmışsın","1987-02-01","tcartmelli@europa.eu"
22,"Silvester Güncellendi yaşlanmışsın","1986-08-08","sdefondl@redcross.org"
23,"Guido Güncellendi yaşlanmışsın","1989-04-22","gjonathonm@nature.com"
25,"Amberly Güncellendi yaşlanmışsın","1982-03-08","aheadyo@lulu.com"
26,"Garrot Güncellendi yaşlanmışsın","1985-01-14","gdanielep@plala.or.jp"
15,"Kareem","1998-08-23","kborelle@zdnet.com"
16,"Stewart","1995-02-14","sjeffryf@sitemeter.com"
18,"Hollyanne","1996-10-03","hcallingtonh@icio.us"
21,"Vally","1995-01-02","vricketsk@usatoday.com"
27,"Gian","1995-02-28","geglaiseq@examiner.com"
32,"Maegan","1999-11-10","mfrancesv@techcrunch.com"
33,"Bernardine","1995-08-20","bsmithinw@msu.edu"
34,"Clovis","1994-04-26","cmikalskix@columbia.edu"
35,"Xymenes","1994-03-14","xmontforty@sitemeter.com"
36,"Melita","1998-07-06","mmattheisz@i2i.jp"
38,"Natty","1995-03-09","nmcelree11@desdev.cn"
28,"Lara Güncellendi yaşlanmışsın","1983-03-02","lbedellr@google.pl"
30,"Jo ann Güncellendi yaşlanmışsın","1985-10-20","jfardellt@flavors.me"
37,"Lisabeth Güncellendi yaşlanmışsın","1987-05-20","lmoneti10@google.ru"
39,"Niki Güncellendi yaşlanmışsın","1982-11-20","ncrier12@canalblog.com"
41,"Meaghan Güncellendi yaşlanmışsın","1989-10-28","mhartropp14@engadget.com"
43,"Elias Güncellendi yaşlanmışsın","1985-05-12","esagg16@themeforest.net"
45,"Billi Güncellendi yaşlanmışsın","1989-05-03","bcondit18@earthlink.net"
